"instant","dteday","season","yr","mnth","holiday","weekday","workingday","weathersit","temp","atemp","hum","windspeed","casual","registered","cnt","rawtemp","rawfeeltemp","rawhumidity","rawwindspeed","Group"
2,1/2/2011,"winter",2011,1,"no",0,"no","mist",0.363478,0.353739,0.696087,0.248539,131,670,801,9.083466,7.346774,69.6087,16.652113,1
3,1/3/2011,"winter",2011,1,"no",1,"yes","clear",0.196364,0.189405,0.437273,0.248309,120,1229,1349,1.229108,-3.49927,43.7273,16.636703,1
4,1/4/2011,"winter",2011,1,"no",2,"yes","clear",0.2,0.212122,0.590435,0.160296,108,1454,1562,1.4,-1.999948,59.0435,10.739832,1
5,1/5/2011,"winter",2011,1,"no",3,"yes","clear",0.226957,0.22927,0.436957,0.1869,82,1518,1600,2.666979,-0.868180000000001,43.6957,12.5223,1
7,1/7/2011,"winter",2011,1,"no",5,"yes","mist",0.196522,0.208839,0.498696,0.168726,148,1362,1510,1.236534,-2.216626,49.8696,11.304642,1
8,1/8/2011,"winter",2011,1,"no",6,"no","mist",0.165,0.162254,0.535833,0.266804,68,891,959,-0.244999999999999,-5.291236,53.5833,17.875868,1
11,1/11/2011,"winter",2011,1,"no",2,"yes","mist",0.169091,0.191464,0.686364,0.122132,43,1220,1263,-0.0527230000000003,-3.363376,68.6364,8.182844,1
12,1/12/2011,"winter",2011,1,"no",3,"yes","clear",0.172727,0.160473,0.599545,0.304627,25,1137,1162,0.118169,-5.408782,59.9545,20.410009,1
14,1/14/2011,"winter",2011,1,"no",5,"yes","clear",0.16087,0.188413,0.537826,0.126548,54,1367,1421,-0.439109999999999,-3.564742,53.7826,8.478716,1
15,1/15/2011,"winter",2011,1,"no",6,"no","mist",0.233333,0.248112,0.49875,0.157963,222,1026,1248,2.966651,0.375392000000002,49.875,10.583521,1
17,1/17/2011,"winter",2011,1,"yes",1,"no","mist",0.175833,0.176771,0.5375,0.194017,117,883,1000,0.264151,-4.333114,53.75,12.999139,1
18,1/18/2011,"winter",2011,1,"no",2,"yes","mist",0.216667,0.232333,0.861667,0.146775,9,674,683,2.183349,-0.666022,86.1667,9.833925,1
20,1/20/2011,"winter",2011,1,"no",4,"yes","mist",0.261667,0.25505,0.538333,0.195904,83,1844,1927,4.298349,0.833300000000001,53.8333,13.125568,1
21,1/21/2011,"winter",2011,1,"no",5,"yes","clear",0.1775,0.157833,0.457083,0.353242,75,1468,1543,0.342499999999999,-5.583022,45.7083,23.667214,1
23,1/23/2011,"winter",2011,1,"no",0,"no","clear",0.0965217,0.0988391,0.436522,0.2466,150,836,986,-3.4634801,-9.4766194,43.6522,16.5222,1
27,1/27/2011,"winter",2011,1,"no",4,"yes","clear",0.195,0.2197,0.6875,0.113837,15,416,431,1.165,-1.4998,68.75,7.627079,1
30,1/30/2011,"winter",2011,1,"no",0,"no","clear",0.216522,0.250322,0.722174,0.0739826,140,956,1096,2.176534,0.521252,72.2174,4.9568342,1
31,1/31/2011,"winter",2011,1,"no",1,"yes","mist",0.180833,0.18625,0.60375,0.187192,42,1459,1501,0.499150999999999,-3.7075,60.375,12.541864,1
32,2/1/2011,"winter",2011,2,"no",2,"yes","mist",0.192174,0.23453,0.829565,0.053213,47,1313,1360,1.032178,-0.52102,82.9565,3.565271,1
34,2/3/2011,"winter",2011,2,"no",4,"yes","clear",0.186957,0.177878,0.437826,0.277752,61,1489,1550,0.786979000000001,-4.260052,43.7826,18.609384,1
36,2/5/2011,"winter",2011,2,"no",6,"no","mist",0.233333,0.243058,0.929167,0.161079,100,905,1005,2.966651,0.0418279999999989,92.9167,10.792293,1
40,2/9/2011,"winter",2011,2,"no",3,"yes","mist",0.134783,0.144283,0.494783,0.188839,53,1552,1605,-1.665199,-6.477322,49.4783,12.652213,1
41,2/10/2011,"winter",2011,2,"no",4,"yes","clear",0.144348,0.149548,0.437391,0.221935,47,1491,1538,-1.215644,-6.129832,43.7391,14.869645,1
45,2/14/2011,"winter",2011,2,"no",1,"yes","clear",0.415,0.39835,0.375833,0.417908,208,1705,1913,11.505,10.2911,37.5833,27.999836,1
46,2/15/2011,"winter",2011,2,"no",2,"yes","clear",0.266087,0.254274,0.314348,0.291374,140,1675,1815,4.506089,0.782084000000001,31.4348,19.522058,1
47,2/16/2011,"winter",2011,2,"no",3,"yes","clear",0.318261,0.3162,0.423478,0.251791,218,1897,2115,6.958267,4.8692,42.3478,16.869997,1
50,2/19/2011,"winter",2011,2,"no",6,"no","clear",0.399167,0.391404,0.187917,0.507463,532,1103,1635,10.760849,9.832664,18.7917,34.000021,1
54,2/23/2011,"winter",2011,2,"no",3,"yes","clear",0.221739,0.245717,0.423043,0.094113,139,1778,1917,2.421733,0.217321999999999,42.3043,6.305571,1
56,2/25/2011,"winter",2011,2,"no",5,"yes","mist",0.364348,0.350461,0.712174,0.346539,120,1341,1461,9.124356,7.130426,71.2174,23.218113,1
58,2/27/2011,"winter",2011,2,"no",0,"no","clear",0.343478,0.351109,0.68,0.125248,694,1708,2402,8.143466,7.173194,68,8.391616,1
63,3/4/2011,"winter",2011,3,"no",5,"yes","mist",0.261667,0.255679,0.610417,0.203346,214,1730,1944,4.298349,0.874814000000001,61.0417,13.624182,1
64,3/5/2011,"winter",2011,3,"no",6,"no","mist",0.384167,0.378779,0.789167,0.251871,640,1437,2077,10.055849,8.999414,78.9167,16.875357,1
65,3/6/2011,"winter",2011,3,"no",0,"no","mist",0.376522,0.366252,0.948261,0.343287,114,491,605,9.696534,8.172632,94.8261,23.000229,1
67,3/8/2011,"winter",2011,3,"no",2,"yes","clear",0.2925,0.3024,0.420833,0.12065,316,1817,2133,5.7475,3.9584,42.0833,8.08355,1
68,3/9/2011,"winter",2011,3,"no",3,"yes","mist",0.295833,0.286608,0.775417,0.22015,191,1700,1891,5.904151,2.916128,77.5417,14.75005,1
71,3/12/2011,"winter",2011,3,"no",6,"no","clear",0.329167,0.32575,0.594583,0.220775,724,1408,2132,7.470849,5.4995,59.4583,14.791925,1
72,3/13/2011,"winter",2011,3,"no",0,"no","clear",0.384348,0.380091,0.527391,0.270604,982,1435,2417,10.064356,9.086006,52.7391,18.130468,1
73,3/14/2011,"winter",2011,3,"no",1,"yes","clear",0.325217,0.332,0.496957,0.136926,359,1687,2046,7.285199,5.912,49.6957,9.174042,1
75,3/16/2011,"winter",2011,3,"no",3,"yes","mist",0.365217,0.36693,0.776522,0.203117,321,1871,2192,9.165199,8.21738,77.6522,13.608839,1
78,3/19/2011,"winter",2011,3,"no",6,"no","clear",0.4725,0.466525,0.379167,0.368167,1424,1693,3117,14.2075,14.79065,37.9167,24.667189,1
79,3/20/2011,"winter",2011,3,"no",0,"no","clear",0.3325,0.32575,0.47375,0.207721,1047,1424,2471,7.6275,5.4995,47.375,13.917307,1
88,3/29/2011,"spring",2011,3,"no",2,"yes","clear",0.3025,0.292908,0.314167,0.226996,317,2108,2425,6.2175,3.331928,31.4167,15.208732,1
89,3/30/2011,"spring",2011,3,"no",3,"yes","mist",0.3,0.29735,0.646667,0.172888,168,1368,1536,6.1,3.6251,64.6667,11.583496,1
92,4/2/2011,"spring",2011,4,"no",6,"no","mist",0.315,0.315637,0.65375,0.197146,898,1354,2252,6.805,4.832042,65.375,13.208782,1
93,4/3/2011,"spring",2011,4,"no",0,"no","clear",0.378333,0.378767,0.48,0.182213,1651,1598,3249,9.781651,8.998622,48,12.208271,1
96,4/6/2011,"spring",2011,4,"no",3,"yes","clear",0.390833,0.387608,0.470833,0.263063,413,2395,2808,10.369151,9.582128,47.0833,17.625221,1
97,4/7/2011,"spring",2011,4,"no",4,"yes","clear",0.4375,0.433696,0.602917,0.162312,571,2570,3141,12.5625,12.623936,60.2917,10.874904,1
99,4/9/2011,"spring",2011,4,"no",6,"no","mist",0.3425,0.341529,0.8775,0.133083,879,1576,2455,8.0975,6.540914,87.75,8.916561,1
100,4/10/2011,"spring",2011,4,"no",0,"no","mist",0.426667,0.426737,0.8575,0.146767,1188,1707,2895,12.053349,12.164642,85.75,9.833389,1
102,4/12/2011,"spring",2011,4,"no",2,"yes","mist",0.5025,0.493054,0.739167,0.274879,257,1777,2034,15.6175,16.541564,73.9167,18.416893,1
104,4/14/2011,"spring",2011,4,"no",4,"yes","clear",0.4675,0.462742,0.540417,0.1107,529,2738,3267,13.9725,14.540972,54.0417,7.4169,1
105,4/15/2011,"spring",2011,4,"yes",5,"no","clear",0.446667,0.441913,0.67125,0.226375,642,2484,3126,12.993349,13.166258,67.125,15.167125,1
106,4/16/2011,"spring",2011,4,"no",6,"no","light precipitation",0.430833,0.425492,0.888333,0.340808,121,674,795,12.249151,12.082472,88.8333,22.834136,1
107,4/17/2011,"spring",2011,4,"no",0,"no","clear",0.456667,0.445696,0.479583,0.303496,1558,2186,3744,13.463349,13.415936,47.9583,20.334232,1
108,4/18/2011,"spring",2011,4,"no",1,"yes","clear",0.5125,0.503146,0.5425,0.163567,669,2760,3429,16.0875,17.207636,54.25,10.958989,1
110,4/20/2011,"spring",2011,4,"no",3,"yes","clear",0.595,0.564392,0.614167,0.241925,613,3331,3944,19.965,21.249872,61.4167,16.208975,1
111,4/21/2011,"spring",2011,4,"no",4,"yes","clear",0.459167,0.453892,0.407083,0.325258,745,3444,4189,13.580849,13.956872,40.7083,21.792286,1
112,4/22/2011,"spring",2011,4,"no",5,"yes","mist",0.336667,0.321954,0.729583,0.219521,177,1506,1683,7.823349,5.248964,72.9583,14.707907,1
114,4/24/2011,"spring",2011,4,"no",0,"no","mist",0.581667,0.551763,0.810833,0.192175,1710,2481,4191,19.338349,20.416358,81.0833,12.875725,1
116,4/26/2011,"spring",2011,4,"no",2,"yes","clear",0.631667,0.594083,0.729167,0.3265,678,3722,4400,21.688349,23.209478,72.9167,21.8755,1
117,4/27/2011,"spring",2011,4,"no",3,"yes","mist",0.62,0.575142,0.835417,0.3122,547,3325,3872,21.14,21.959372,83.5417,20.9174,1
118,4/28/2011,"spring",2011,4,"no",4,"yes","mist",0.6175,0.578929,0.700833,0.320908,569,3489,4058,21.0225,22.209314,70.0833,21.500836,1
119,4/29/2011,"spring",2011,4,"no",5,"yes","clear",0.51,0.497463,0.457083,0.240063,878,3717,4595,15.97,16.832558,45.7083,16.084221,1
120,4/30/2011,"spring",2011,4,"no",6,"no","clear",0.4725,0.464021,0.503333,0.235075,1965,3347,5312,14.2075,14.625386,50.3333,15.750025,1
122,5/2/2011,"spring",2011,5,"no",1,"yes","mist",0.549167,0.532833,0.73,0.183454,847,3554,4401,17.810849,19.166978,73,12.291418,1
123,5/3/2011,"spring",2011,5,"no",2,"yes","mist",0.616667,0.582079,0.697083,0.342667,603,3848,4451,20.983349,22.417214,69.7083,22.958689,1
126,5/6/2011,"spring",2011,5,"no",5,"yes","clear",0.479167,0.474117,0.59,0.228246,894,3714,4608,14.520849,15.291722,59,15.292482,1
127,5/7/2011,"spring",2011,5,"no",6,"no","clear",0.52,0.512621,0.54125,0.16045,1612,3102,4714,16.44,17.832986,54.125,10.75015,1
129,5/9/2011,"spring",2011,5,"no",1,"yes","clear",0.5325,0.525246,0.58875,0.176,664,3698,4362,17.0275,18.666236,58.875,11.792,1
131,5/11/2011,"spring",2011,5,"no",3,"yes","clear",0.5425,0.5284,0.632917,0.120642,550,3632,4182,17.4975,18.8744,63.2917,8.083014,1
132,5/12/2011,"spring",2011,5,"no",4,"yes","clear",0.535,0.523363,0.7475,0.189667,695,4169,4864,17.145,18.541958,74.75,12.707689,1
134,5/14/2011,"spring",2011,5,"no",6,"no","mist",0.520833,0.500629,0.9225,0.13495,902,2507,3409,16.479151,17.041514,92.25,9.04165,1
135,5/15/2011,"spring",2011,5,"no",0,"no","mist",0.5625,0.536,0.867083,0.152979,1582,2971,4553,18.4375,19.376,86.7083,10.249593,1
137,5/17/2011,"spring",2011,5,"no",2,"yes","mist",0.561667,0.538529,0.837917,0.277354,678,3445,4123,18.398349,19.542914,83.7917,18.582718,1
141,5/21/2011,"spring",2011,5,"no",6,"no","clear",0.6025,0.571975,0.626667,0.12065,2258,3547,5805,20.3175,21.75035,62.6667,8.08355,1
142,5/22/2011,"spring",2011,5,"no",0,"no","clear",0.604167,0.5745,0.749583,0.148008,1576,3084,4660,20.395849,21.917,74.9583,9.916536,1
145,5/25/2011,"spring",2011,5,"no",3,"yes","clear",0.660833,0.615542,0.69625,0.154233,740,4238,4978,23.059151,24.625772,69.625,10.333611,1
146,5/26/2011,"spring",2011,5,"no",4,"yes","clear",0.708333,0.654688,0.6775,0.199642,758,3919,4677,25.291651,27.209408,67.75,13.376014,1
147,5/27/2011,"spring",2011,5,"no",5,"yes","clear",0.681667,0.637008,0.65375,0.240679,871,3808,4679,24.038349,26.042528,65.375,16.125493,1
148,5/28/2011,"spring",2011,5,"no",6,"no","clear",0.655833,0.612379,0.729583,0.230092,2001,2757,4758,22.824151,24.417014,72.9583,15.416164,1
153,6/2/2011,"spring",2011,6,"no",4,"yes","clear",0.715,0.643942,0.305,0.292287,736,4232,4968,25.605,26.500172,30.5,19.583229,1
154,6/3/2011,"spring",2011,6,"no",5,"yes","clear",0.62,0.587133,0.354167,0.253121,898,4414,5312,21.14,22.750778,35.4167,16.959107,1
156,6/5/2011,"spring",2011,6,"no",0,"no","mist",0.648333,0.616804,0.6525,0.138692,1685,3221,4906,22.471651,24.709064,65.25,9.292364,1
157,6/6/2011,"spring",2011,6,"no",1,"yes","clear",0.678333,0.621858,0.6,0.121896,673,3875,4548,23.881651,25.042628,60,8.167032,1
158,6/7/2011,"spring",2011,6,"no",2,"yes","clear",0.7075,0.65595,0.597917,0.187808,763,4070,4833,25.2525,27.2927,59.7917,12.583136,1
160,6/9/2011,"spring",2011,6,"no",4,"yes","mist",0.808333,0.757579,0.568333,0.149883,563,3352,3915,29.991651,34.000214,56.8333,10.042161,1
162,6/11/2011,"spring",2011,6,"no",6,"no","clear",0.725,0.678038,0.654583,0.15485,1729,3237,4966,26.075,28.750508,65.4583,10.37495,1
166,6/15/2011,"spring",2011,6,"no",3,"yes","clear",0.626667,0.587754,0.471667,0.167912,769,4411,5180,21.453349,22.791764,47.1667,11.250104,1
170,6/19/2011,"spring",2011,6,"no",0,"no","mist",0.699167,0.645846,0.666667,0.102,1639,3105,4744,24.860849,26.625836,66.6667,6.834,1
171,6/20/2011,"spring",2011,6,"no",1,"yes","mist",0.635,0.595346,0.74625,0.155475,699,3311,4010,21.845,23.292836,74.625,10.416825,1
172,6/21/2011,"summer",2011,6,"no",2,"yes","mist",0.680833,0.637646,0.770417,0.171025,774,4061,4835,23.999151,26.084636,77.0417,11.458675,1
174,6/23/2011,"summer",2011,6,"no",4,"yes","mist",0.728333,0.693833,0.703333,0.238804,746,4044,4790,26.231651,29.792978,70.3333,15.999868,1
177,6/26/2011,"summer",2011,6,"no",0,"no","clear",0.68,0.637629,0.513333,0.0945333,1920,3385,5305,23.96,26.083514,51.3333,6.3337311,1
179,6/28/2011,"summer",2011,6,"no",2,"yes","clear",0.744167,0.692558,0.634167,0.144283,732,3916,4648,26.975849,29.708828,63.4167,9.666961,1
180,6/29/2011,"summer",2011,6,"no",3,"yes","clear",0.728333,0.654688,0.497917,0.261821,848,4377,5225,26.231651,27.209408,49.7917,17.542007,1
181,6/30/2011,"summer",2011,6,"no",4,"yes","clear",0.696667,0.637008,0.434167,0.185312,1027,4488,5515,24.743349,26.042528,43.4167,12.415904,1
182,7/1/2011,"summer",2011,7,"no",5,"yes","clear",0.7225,0.652162,0.39625,0.102608,1246,4116,5362,25.9575,27.042692,39.625,6.874736,1
184,7/3/2011,"summer",2011,7,"no",0,"no","mist",0.716667,0.668575,0.6825,0.228858,2282,2367,4649,25.683349,28.12595,68.25,15.333486,1
187,7/6/2011,"summer",2011,7,"no",3,"yes","clear",0.72,0.685633,0.743333,0.149883,784,3845,4629,25.84,29.251778,74.3333,10.042161,1
188,7/7/2011,"summer",2011,7,"no",4,"yes","clear",0.75,0.686871,0.65125,0.1592,754,3838,4592,27.25,29.333486,65.125,10.6664,1
189,7/8/2011,"summer",2011,7,"no",5,"yes","mist",0.709167,0.670483,0.757917,0.225129,692,3348,4040,25.330849,28.251878,75.7917,15.083643,1
190,7/9/2011,"summer",2011,7,"no",6,"no","clear",0.733333,0.664158,0.609167,0.167912,1988,3348,5336,26.466651,27.834428,60.9167,11.250104,1
191,7/10/2011,"summer",2011,7,"no",0,"no","clear",0.7475,0.690025,0.578333,0.183471,1743,3138,4881,27.1325,29.54165,57.8333,12.292557,1
193,7/12/2011,"summer",2011,7,"no",2,"yes","clear",0.794167,0.739275,0.559167,0.200254,662,3596,4258,29.325849,32.79215,55.9167,13.417018,1
196,7/15/2011,"summer",2011,7,"no",5,"yes","clear",0.663333,0.624371,0.59125,0.182833,1318,4220,5538,23.176651,25.208486,59.125,12.249811,1
198,7/17/2011,"summer",2011,7,"no",0,"no","clear",0.719167,0.669833,0.604167,0.245033,2006,3296,5302,25.800849,28.208978,60.4167,16.417211,1
201,7/20/2011,"summer",2011,7,"no",3,"yes","clear",0.768333,0.74685,0.707083,0.113817,644,3688,4332,28.111651,33.2921,70.7083,7.625739,1
205,7/24/2011,"summer",2011,7,"no",0,"no","clear",0.83,0.794829,0.550833,0.169171,1050,2556,3606,31.01,36.458714,55.0833,11.334457,1
206,7/25/2011,"summer",2011,7,"no",1,"yes","clear",0.743333,0.720958,0.757083,0.0908083,568,3272,3840,26.936651,31.583228,75.7083,6.0841561,1
207,7/26/2011,"summer",2011,7,"no",2,"yes","clear",0.771667,0.696979,0.540833,0.200258,750,3840,4590,28.268349,30.000614,54.0833,13.417286,1
211,7/30/2011,"summer",2011,7,"no",6,"no","clear",0.804167,0.728537,0.465833,0.168537,1559,2916,4475,29.795849,32.083442,46.5833,11.291979,1
212,7/31/2011,"summer",2011,7,"no",0,"no","clear",0.805833,0.729796,0.480833,0.164813,1524,2778,4302,29.874151,32.166536,48.0833,11.042471,1
215,8/3/2011,"summer",2011,8,"no",3,"yes","mist",0.731667,0.679937,0.6575,0.135583,467,3107,3574,26.388349,28.875842,65.75,9.084061,1
217,8/5/2011,"summer",2011,8,"no",5,"yes","clear",0.710833,0.656567,0.630833,0.184696,1023,3843,4866,25.409151,27.333422,63.0833,12.374632,1
225,8/13/2011,"summer",2011,8,"no",6,"no","mist",0.685833,0.645858,0.729583,0.211454,1504,2646,4150,24.234151,26.626628,72.9583,14.167418,1
226,8/14/2011,"summer",2011,8,"no",0,"no","mist",0.676667,0.624388,0.8175,0.222633,1338,2482,3820,23.803349,25.209608,81.75,14.916411,1
227,8/15/2011,"summer",2011,8,"no",1,"yes","clear",0.665833,0.616167,0.712083,0.208954,775,3563,4338,23.294151,24.667022,71.2083,13.999918,1
230,8/18/2011,"summer",2011,8,"no",4,"yes","clear",0.711667,0.662258,0.654583,0.233208,639,3166,3805,25.448349,27.709028,65.4583,15.624936,1
231,8/19/2011,"summer",2011,8,"no",5,"yes","mist",0.685,0.633221,0.722917,0.139308,797,3356,4153,24.195,25.792586,72.2917,9.333636,1
235,8/23/2011,"summer",2011,8,"no",2,"yes","clear",0.640833,0.606067,0.455417,0.146763,1281,4614,5895,22.119151,24.000422,45.5417,9.833121,1
237,8/25/2011,"summer",2011,8,"no",4,"yes","mist",0.684167,0.645854,0.771667,0.210833,435,3107,3542,24.155849,26.626364,77.1667,14.125811,1
238,8/26/2011,"summer",2011,8,"no",5,"yes","clear",0.7,0.659733,0.76125,0.0839625,768,3893,4661,24.9,27.542378,76.125,5.6254875,1
239,8/27/2011,"summer",2011,8,"no",6,"no","mist",0.68,0.635556,0.85,0.375617,226,889,1115,23.96,25.946696,85,25.166339,1
240,8/28/2011,"summer",2011,8,"no",0,"no","clear",0.707059,0.647959,0.561765,0.304659,1415,2919,4334,25.231773,26.765294,56.1765,20.412153,1
242,8/30/2011,"summer",2011,8,"no",2,"yes","clear",0.639167,0.594704,0.548333,0.125008,775,4429,5204,22.040849,23.250464,54.8333,8.375536,1
245,9/2/2011,"summer",2011,9,"no",5,"yes","mist",0.643333,0.604808,0.727083,0.139929,875,3852,4727,22.236651,23.917328,72.7083,9.375243,1
246,9/3/2011,"summer",2011,9,"no",6,"no","clear",0.669167,0.633213,0.716667,0.185325,1935,2549,4484,23.450849,25.792058,71.6667,12.416775,1
248,9/5/2011,"summer",2011,9,"yes",1,"no","mist",0.673333,0.625646,0.790417,0.212696,1236,2115,3351,23.646651,25.292636,79.0417,14.250632,1
249,9/6/2011,"summer",2011,9,"no",2,"yes","light precipitation",0.54,0.5152,0.886957,0.343943,204,2506,2710,17.38,18.0032,88.6957,23.044181,1
250,9/7/2011,"summer",2011,9,"no",3,"yes","light precipitation",0.599167,0.544229,0.917083,0.0970208,118,1878,1996,20.160849,19.919114,91.7083,6.5003936,1
253,9/10/2011,"summer",2011,9,"no",6,"no","clear",0.66,0.607962,0.75375,0.153608,1750,3595,5345,23.02,24.125492,75.375,10.291736,1
254,9/11/2011,"summer",2011,9,"no",0,"no","clear",0.653333,0.609229,0.71375,0.115054,1633,3413,5046,22.706651,24.209114,71.375,7.708618,1
257,9/14/2011,"summer",2011,9,"no",3,"yes","clear",0.673333,0.6269,0.697083,0.1673,647,4138,4785,23.646651,25.3754,69.7083,11.2091,1
260,9/17/2011,"summer",2011,9,"no",6,"no","mist",0.491667,0.478512,0.718333,0.189675,1434,3077,4511,15.108349,15.581792,71.8333,12.708225,1
263,9/20/2011,"summer",2011,9,"no",2,"yes","mist",0.561667,0.532217,0.88125,0.134954,438,3203,3641,18.398349,19.126322,88.125,9.041918,1
265,9/22/2011,"summer",2011,9,"no",4,"yes","mist",0.628333,0.554963,0.902083,0.128125,555,4240,4795,21.531651,20.627558,90.2083,8.584375,1
266,9/23/2011,"fall",2011,9,"no",5,"yes","mist",0.609167,0.522125,0.9725,0.0783667,258,2137,2395,20.630849,18.46025,97.25,5.2505689,1
267,9/24/2011,"fall",2011,9,"no",6,"no","mist",0.606667,0.564412,0.8625,0.0783833,1776,3647,5423,20.513349,21.251192,86.25,5.2516811,1
268,9/25/2011,"fall",2011,9,"no",0,"no","mist",0.634167,0.572637,0.845,0.0503792,1544,3466,5010,21.805849,21.794042,84.5,3.3754064,1
269,9/26/2011,"fall",2011,9,"no",1,"yes","mist",0.649167,0.589042,0.848333,0.1107,684,3946,4630,22.510849,22.876772,84.8333,7.4169,1
270,9/27/2011,"fall",2011,9,"no",2,"yes","mist",0.636667,0.574525,0.885417,0.118171,477,3643,4120,21.923349,21.91865,88.5417,7.917457,1
272,9/29/2011,"fall",2011,9,"no",4,"yes","clear",0.616667,0.574512,0.699167,0.172883,653,4186,4839,20.983349,21.917792,69.9167,11.583161,1
273,9/30/2011,"fall",2011,9,"no",5,"yes","clear",0.564167,0.544829,0.6475,0.206475,830,4372,5202,18.515849,19.958714,64.75,13.833825,1
274,10/1/2011,"fall",2011,10,"no",6,"no","mist",0.41,0.412863,0.75375,0.292296,480,1949,2429,11.27,11.248958,75.375,19.583832,1
277,10/4/2011,"fall",2011,10,"no",2,"yes","clear",0.484167,0.472858,0.71,0.205854,486,3970,4456,14.755849,15.208628,71,13.792218,1
279,10/6/2011,"fall",2011,10,"no",4,"yes","clear",0.494167,0.480425,0.620833,0.134954,639,4126,4765,15.225849,15.70805,62.0833,9.041918,1
283,10/10/2011,"fall",2011,10,"yes",1,"no","clear",0.570833,0.542925,0.73375,0.0423042,1514,3603,5117,18.829151,19.83305,73.375,2.8343814,1
284,10/11/2011,"fall",2011,10,"no",2,"yes","mist",0.566667,0.546096,0.80875,0.143042,667,3896,4563,18.633349,20.042336,80.875,9.583814,1
287,10/14/2011,"fall",2011,10,"no",5,"yes","mist",0.550833,0.529675,0.71625,0.223883,529,3115,3644,17.889151,18.95855,71.625,15.000161,1
290,10/17/2011,"fall",2011,10,"no",1,"yes","clear",0.534167,0.510725,0.579583,0.175379,713,3857,4570,17.105849,17.70785,57.9583,11.750393,1
292,10/19/2011,"fall",2011,10,"no",3,"yes","light precipitation",0.541739,0.513848,0.895217,0.243339,254,2170,2424,17.461733,17.913968,89.5217,16.303713,1
293,10/20/2011,"fall",2011,10,"no",4,"yes","clear",0.475833,0.466525,0.63625,0.422275,471,3724,4195,14.364151,14.79065,63.625,28.292425,1
294,10/21/2011,"fall",2011,10,"no",5,"yes","clear",0.4275,0.423596,0.574167,0.221396,676,3628,4304,12.0925,11.957336,57.4167,14.833532,1
295,10/22/2011,"fall",2011,10,"no",6,"no","clear",0.4225,0.425492,0.629167,0.0926667,1499,2809,4308,11.8575,12.082472,62.9167,6.2086689,1
296,10/23/2011,"fall",2011,10,"no",0,"no","clear",0.421667,0.422333,0.74125,0.0995125,1619,2762,4381,11.818349,11.873978,74.125,6.6673375,1
299,10/26/2011,"fall",2011,10,"no",3,"yes","mist",0.484167,0.472846,0.720417,0.148642,404,3490,3894,14.755849,15.207836,72.0417,9.959014,1
300,10/27/2011,"fall",2011,10,"no",4,"yes","mist",0.47,0.457046,0.812917,0.197763,240,2419,2659,14.09,14.165036,81.2917,13.250121,1
301,10/28/2011,"fall",2011,10,"no",5,"yes","mist",0.330833,0.318812,0.585833,0.229479,456,3291,3747,7.549151,5.041592,58.5833,15.375093,1
302,10/29/2011,"fall",2011,10,"no",6,"no","light precipitation",0.254167,0.227913,0.8825,0.351371,57,570,627,3.945849,-0.957742,88.25,23.541857,1
303,10/30/2011,"fall",2011,10,"no",0,"no","clear",0.319167,0.321329,0.62375,0.176617,885,2446,3331,7.000849,5.207714,62.375,11.833339,1
305,11/1/2011,"fall",2011,11,"no",2,"yes","clear",0.400833,0.397088,0.68375,0.135571,410,3658,4068,10.839151,10.207808,68.375,9.083257,1
306,11/2/2011,"fall",2011,11,"no",3,"yes","clear",0.3775,0.390133,0.71875,0.0820917,370,3816,4186,9.7425,9.748778,71.875,5.5001439,1
308,11/4/2011,"fall",2011,11,"no",5,"yes","mist",0.403333,0.403392,0.6225,0.271779,470,3576,4046,10.956651,10.623872,62.25,18.209193,1
311,11/7/2011,"fall",2011,11,"no",1,"yes","clear",0.395,0.400871,0.75875,0.057225,373,3662,4035,10.565,10.457486,75.875,3.834075,1
312,11/8/2011,"fall",2011,11,"no",2,"yes","clear",0.408333,0.412246,0.721667,0.0690375,376,3829,4205,11.191651,11.208236,72.1667,4.6255125,1
314,11/10/2011,"fall",2011,11,"no",4,"yes","mist",0.38,0.373721,0.813333,0.189067,190,2743,2933,9.86,8.665586,81.3333,12.667489,1
315,11/11/2011,"fall",2011,11,"yes",5,"no","clear",0.324167,0.306817,0.44625,0.314675,440,2928,3368,7.235849,4.249922,44.625,21.083225,1
317,11/13/2011,"fall",2011,11,"no",0,"no","clear",0.440833,0.43055,0.458333,0.281721,1004,2713,3717,12.719151,12.4163,45.8333,18.875307,1
321,11/17/2011,"fall",2011,11,"no",4,"yes","mist",0.341667,0.323221,0.575833,0.305362,139,2914,3053,8.058349,5.332586,57.5833,20.459254,1
323,11/19/2011,"fall",2011,11,"no",6,"no","clear",0.329167,0.324483,0.502083,0.224496,943,2720,3663,7.470849,5.415878,50.2083,15.041232,1
324,11/20/2011,"fall",2011,11,"no",0,"no","mist",0.463333,0.457058,0.684583,0.18595,787,2733,3520,13.776651,14.165828,68.4583,12.45865,1
325,11/21/2011,"fall",2011,11,"no",1,"yes","light precipitation",0.4475,0.445062,0.91,0.138054,220,2545,2765,13.0325,13.374092,91,9.249618,1
334,11/30/2011,"fall",2011,11,"no",3,"yes","clear",0.325,0.311221,0.613333,0.271158,188,3425,3613,7.275,4.540586,61.3333,18.167586,1
336,12/2/2011,"fall",2011,12,"no",5,"yes","clear",0.314167,0.331433,0.625833,0.100754,268,3672,3940,6.765849,5.874578,62.5833,6.750518,1
337,12/3/2011,"fall",2011,12,"no",6,"no","clear",0.299167,0.310604,0.612917,0.0957833,706,2908,3614,6.060849,4.499864,61.2917,6.4174811,1
339,12/5/2011,"fall",2011,12,"no",1,"yes","mist",0.385833,0.393925,0.827083,0.0622083,233,3578,3811,10.134151,9.99905,82.7083,4.1679561,1
340,12/6/2011,"fall",2011,12,"no",2,"yes","light precipitation",0.4625,0.4564,0.949583,0.232583,126,2468,2594,13.7375,14.1224,94.9583,15.583061,1
342,12/8/2011,"fall",2011,12,"no",4,"yes","clear",0.265833,0.256938,0.58,0.240058,150,3172,3322,4.494151,0.957908,58,16.083886,1
343,12/9/2011,"fall",2011,12,"no",5,"yes","clear",0.290833,0.317542,0.695833,0.0827167,261,3359,3620,5.669151,4.957772,69.5833,5.5420189,1
345,12/11/2011,"fall",2011,12,"no",0,"no","clear",0.220833,0.253154,0.49,0.0665417,377,2366,2743,2.379151,0.708164,49,4.4582939,1
348,12/14/2011,"fall",2011,12,"no",3,"yes","mist",0.3175,0.338362,0.66375,0.0609583,178,3562,3740,6.9225,6.331892,66.375,4.0842061,1
349,12/15/2011,"fall",2011,12,"no",4,"yes","mist",0.4225,0.412237,0.634167,0.268042,181,3528,3709,11.8575,11.207642,63.4167,17.958814,1
352,12/18/2011,"fall",2011,12,"no",0,"no","clear",0.238333,0.245579,0.58625,0.169779,220,2211,2431,3.201651,0.208213999999998,58.625,11.375193,1
353,12/19/2011,"fall",2011,12,"no",1,"yes","clear",0.276667,0.280933,0.6375,0.172896,260,3143,3403,5.003349,2.541578,63.75,11.584032,1
354,12/20/2011,"fall",2011,12,"no",2,"yes","mist",0.385833,0.396454,0.595417,0.0615708,216,3534,3750,10.134151,10.165964,59.5417,4.1252436,1
358,12/24/2011,"winter",2011,12,"no",6,"no","clear",0.3025,0.299242,0.5425,0.190304,155,856,1011,6.2175,3.749972,54.25,12.750368,1
359,12/25/2011,"winter",2011,12,"no",0,"no","clear",0.274783,0.279961,0.681304,0.155091,303,451,754,4.914801,2.477426,68.1304,10.391097,1
361,12/27/2011,"winter",2011,12,"no",2,"yes","mist",0.325,0.327633,0.7625,0.18845,103,1059,1162,7.275,5.623778,76.25,12.62615,1
362,12/28/2011,"winter",2011,12,"no",3,"yes","clear",0.29913,0.279974,0.503913,0.293961,255,2047,2302,6.05911,2.478284,50.3913,19.695387,1
365,12/31/2011,"winter",2011,12,"no",6,"no","clear",0.41,0.414121,0.615833,0.220154,665,1820,2485,11.27,11.331986,61.5833,14.750318,1
366,1/1/2012,"winter",2012,1,"no",0,"no","clear",0.37,0.375621,0.6925,0.192167,686,1608,2294,9.39,8.790986,69.25,12.875189,1
367,1/2/2012,"winter",2012,1,"yes",1,"no","clear",0.273043,0.252304,0.381304,0.329665,244,1707,1951,4.833021,0.652063999999999,38.1304,22.087555,1
370,1/5/2012,"winter",2012,1,"no",4,"yes","clear",0.265833,0.278412,0.524167,0.129987,140,3132,3272,4.494151,2.375192,52.4167,8.709129,1
371,1/6/2012,"winter",2012,1,"no",5,"yes","clear",0.334167,0.340267,0.542083,0.167908,307,3791,4098,7.705849,6.457622,54.2083,11.249836,1
372,1/7/2012,"winter",2012,1,"no",6,"no","clear",0.393333,0.390779,0.531667,0.174758,1070,3451,4521,10.486651,9.791414,53.1667,11.708786,1
373,1/8/2012,"winter",2012,1,"no",0,"no","clear",0.3375,0.340258,0.465,0.191542,599,2826,3425,7.8625,6.457028,46.5,12.833314,1
377,1/12/2012,"winter",2012,1,"no",4,"yes","mist",0.3825,0.381938,0.802917,0.180967,269,3828,4097,9.9775,9.207908,80.2917,12.124789,1
380,1/15/2012,"winter",2012,1,"no",0,"no","clear",0.166667,0.161625,0.419167,0.251258,284,2027,2311,-0.166651,-5.33275,41.9167,16.834286,1
385,1/20/2012,"winter",2012,1,"no",5,"yes","mist",0.2175,0.220958,0.45,0.20275,115,3048,3163,2.2225,-1.416772,45,13.58425,1
387,1/22/2012,"winter",2012,1,"no",0,"no","mist",0.1625,0.16225,0.79625,0.199638,196,1781,1977,-0.3625,-5.2915,79.625,13.375746,1
392,1/27/2012,"winter",2012,1,"no",5,"yes","mist",0.425,0.415383,0.74125,0.342667,269,3187,3456,11.975,11.415278,74.125,22.958689,1
393,1/28/2012,"winter",2012,1,"no",6,"no","clear",0.315833,0.326379,0.543333,0.210829,775,3248,4023,6.844151,5.541014,54.3333,14.125543,1
395,1/30/2012,"winter",2012,1,"no",1,"yes","clear",0.269167,0.262625,0.400833,0.215792,126,3498,3624,4.650849,1.33325,40.0833,14.458064,1
396,1/31/2012,"winter",2012,1,"no",2,"yes","clear",0.39,0.381317,0.416667,0.261817,324,4185,4509,10.33,9.166922,41.6667,17.541739,1
397,2/1/2012,"winter",2012,2,"no",3,"yes","clear",0.469167,0.466538,0.507917,0.189067,304,4275,4579,14.050849,14.791508,50.7917,12.667489,1
398,2/2/2012,"winter",2012,2,"no",4,"yes","mist",0.399167,0.398971,0.672917,0.187187,190,3571,3761,10.760849,10.332086,67.2917,12.541529,1
400,2/4/2012,"winter",2012,2,"no",6,"no","mist",0.264167,0.272725,0.779583,0.121896,384,2448,2832,4.415849,1.99985,77.9583,8.167032,1
401,2/5/2012,"winter",2012,2,"no",0,"no","mist",0.265833,0.264521,0.687917,0.175996,318,2629,2947,4.494151,1.458386,68.7917,11.791732,1
402,2/6/2012,"winter",2012,2,"no",1,"yes","clear",0.282609,0.296426,0.622174,0.1538,206,3578,3784,5.282623,3.564116,62.2174,10.3046,1
408,2/12/2012,"winter",2012,2,"no",0,"no","clear",0.1275,0.101658,0.464583,0.409212,73,1456,1529,-2.0075,-9.290572,46.4583,27.417204,1
410,2/14/2012,"winter",2012,2,"no",2,"yes","mist",0.319167,0.333946,0.50875,0.141179,135,3787,3922,7.000849,6.040436,50.875,9.458993,1
411,2/15/2012,"winter",2012,2,"no",3,"yes","clear",0.348333,0.351629,0.53125,0.1816,141,4028,4169,8.371651,7.207514,53.125,12.1672,1
414,2/18/2012,"winter",2012,2,"no",6,"no","clear",0.346667,0.355425,0.534583,0.190929,1435,2883,4318,8.293349,7.45805,53.4583,12.792243,1
416,2/20/2012,"winter",2012,2,"yes",1,"no","clear",0.28,0.273391,0.507826,0.229083,502,2627,3129,5.16,2.043806,50.7826,15.348561,1
419,2/23/2012,"winter",2012,2,"no",4,"yes","clear",0.454167,0.444446,0.554583,0.190913,516,4546,5062,13.345849,13.333436,55.4583,12.791171,1
420,2/24/2012,"winter",2012,2,"no",5,"yes","mist",0.4075,0.410971,0.7375,0.237567,246,3241,3487,11.1525,11.124086,73.75,15.916989,1
422,2/26/2012,"winter",2012,2,"no",0,"no","clear",0.279167,0.268308,0.41,0.205229,515,2874,3389,5.120849,1.708328,41,13.750343,1
423,2/27/2012,"winter",2012,2,"no",1,"yes","clear",0.366667,0.357954,0.490833,0.268033,253,4069,4322,9.233349,7.624964,49.0833,17.958211,1
424,2/28/2012,"winter",2012,2,"no",2,"yes","clear",0.359167,0.353525,0.395833,0.193417,229,4134,4363,8.880849,7.33265,39.5833,12.958939,1
425,2/29/2012,"winter",2012,2,"no",3,"yes","mist",0.344348,0.34847,0.804783,0.179117,65,1769,1834,8.184356,6.99902,80.4783,12.000839,1
430,3/5/2012,"winter",2012,3,"no",1,"yes","clear",0.243333,0.241171,0.50625,0.228858,203,3130,3333,3.436651,-0.0827140000000011,50.625,15.333486,1
434,3/9/2012,"winter",2012,3,"no",5,"yes","mist",0.410833,0.397083,0.407083,0.4148,447,4122,4569,11.309151,10.207478,40.7083,27.7916,1
436,3/11/2012,"winter",2012,3,"no",0,"no","clear",0.361739,0.35967,0.476957,0.222587,1658,3253,4911,9.001733,7.73822,47.6957,14.913329,1
437,3/12/2012,"winter",2012,3,"no",1,"yes","clear",0.466667,0.459592,0.489167,0.207713,838,4460,5298,13.933349,14.333072,48.9167,13.916771,1
438,3/13/2012,"winter",2012,3,"no",2,"yes","clear",0.565,0.542929,0.6175,0.23695,762,5085,5847,18.555,19.833314,61.75,15.87565,1
440,3/15/2012,"winter",2012,3,"no",4,"yes","clear",0.5575,0.532825,0.579583,0.149883,1005,5187,6192,18.2025,19.16645,57.9583,10.042161,1
441,3/16/2012,"winter",2012,3,"no",5,"yes","mist",0.435833,0.436229,0.842083,0.113192,548,3830,4378,12.484151,12.791114,84.2083,7.583864,1
442,3/17/2012,"winter",2012,3,"no",6,"no","mist",0.514167,0.505046,0.755833,0.110704,3155,4681,7836,16.165849,17.333036,75.5833,7.417168,1
444,3/19/2012,"winter",2012,3,"no",1,"yes","clear",0.545,0.532821,0.72875,0.162317,982,5171,6153,17.615,19.166186,72.875,10.875239,1
446,3/21/2012,"spring",2012,3,"no",3,"yes","mist",0.531667,0.513258,0.82125,0.0895583,1122,5108,6230,16.988349,17.875028,82.125,6.0004061,1
448,3/23/2012,"spring",2012,3,"no",5,"yes","mist",0.601667,0.570067,0.694167,0.1163,2469,5893,8362,20.278349,21.624422,69.4167,7.7921,1
451,3/26/2012,"spring",2012,3,"no",1,"yes","clear",0.445833,0.43875,0.477917,0.386821,795,4763,5558,12.954151,12.9575,47.7917,25.917007,1
456,3/31/2012,"spring",2012,3,"no",6,"no","mist",0.424167,0.421708,0.738333,0.250617,2301,3934,6235,11.935849,11.832728,73.8333,16.791339,1
457,4/1/2012,"spring",2012,4,"no",0,"no","mist",0.425833,0.417287,0.67625,0.172267,2347,3694,6041,12.014151,11.540942,67.625,11.541889,1
459,4/3/2012,"spring",2012,4,"no",2,"yes","clear",0.466667,0.461483,0.396667,0.100133,1348,5424,6772,13.933349,14.457878,39.6667,6.708911,1
460,4/4/2012,"spring",2012,4,"no",3,"yes","clear",0.541667,0.53345,0.469583,0.180975,1058,5378,6436,17.458349,19.2077,46.9583,12.125325,1
462,4/6/2012,"spring",2012,4,"no",5,"yes","clear",0.403333,0.390767,0.377083,0.300388,1807,4653,6460,10.956651,9.790622,37.7083,20.125996,1
463,4/7/2012,"spring",2012,4,"no",6,"no","clear",0.4375,0.426129,0.254167,0.274871,3252,3605,6857,12.5625,12.124514,25.4167,18.416357,1
466,4/10/2012,"spring",2012,4,"no",2,"yes","clear",0.446667,0.436233,0.435,0.249375,819,5099,5918,12.993349,12.791378,43.5,16.708125,1
468,4/12/2012,"spring",2012,4,"no",4,"yes","clear",0.3975,0.387604,0.46625,0.290429,663,4746,5409,10.6825,9.581864,46.625,19.458743,1
469,4/13/2012,"spring",2012,4,"no",5,"yes","clear",0.4425,0.431808,0.408333,0.155471,1252,5146,6398,12.7975,12.499328,40.8333,10.416557,1
470,4/14/2012,"spring",2012,4,"no",6,"no","clear",0.495,0.487996,0.502917,0.190917,2795,4665,7460,15.265,16.207736,50.2917,12.791439,1
471,4/15/2012,"spring",2012,4,"no",0,"no","clear",0.606667,0.573875,0.507917,0.225129,2846,4286,7132,20.513349,21.87575,50.7917,15.083643,1
472,4/16/2012,"spring",2012,4,"yes",1,"no","clear",0.664167,0.614925,0.561667,0.284829,1198,5172,6370,23.215849,24.58505,56.1667,19.083543,1
474,4/18/2012,"spring",2012,4,"no",3,"yes","mist",0.463333,0.457038,0.569167,0.167912,347,4020,4367,13.776651,14.164508,56.9167,11.250104,1
475,4/19/2012,"spring",2012,4,"no",4,"yes","clear",0.498333,0.493046,0.6125,0.0659292,846,5719,6565,15.421651,16.541036,61.25,4.4172564,1
477,4/21/2012,"spring",2012,4,"no",6,"no","clear",0.57,0.542921,0.682917,0.283587,2541,4083,6624,18.79,19.832786,68.2917,19.000329,1
479,4/23/2012,"spring",2012,4,"no",1,"yes","mist",0.321667,0.301125,0.766667,0.303496,195,3019,3214,7.118349,3.87425,76.6667,20.334232,1
481,4/25/2012,"spring",2012,4,"no",3,"yes","clear",0.476667,0.470317,0.427917,0.118792,655,5541,6196,14.403349,15.040922,42.7917,7.959064,1
482,4/26/2012,"spring",2012,4,"no",4,"yes","mist",0.498333,0.483583,0.756667,0.176625,475,4551,5026,15.421651,15.916478,75.6667,11.833875,1
486,4/30/2012,"spring",2012,4,"no",1,"yes","mist",0.464167,0.457696,0.57,0.171638,665,4907,5572,13.815849,14.207936,57,11.499746,1
495,5/9/2012,"spring",2012,5,"no",3,"yes","mist",0.575,0.553025,0.744167,0.216412,620,4097,4717,19.025,20.49965,74.4167,14.499604,1
498,5/12/2012,"spring",2012,5,"no",6,"no","clear",0.564167,0.544817,0.480417,0.123133,2622,4807,7429,18.515849,19.957922,48.0417,8.249911,1
499,5/13/2012,"spring",2012,5,"no",0,"no","clear",0.6125,0.585238,0.57625,0.225117,2172,3946,6118,20.7875,22.625708,57.625,15.082839,1
500,5/14/2012,"spring",2012,5,"no",1,"yes","mist",0.573333,0.5499,0.789583,0.212692,342,2501,2843,18.946651,20.2934,78.9583,14.250364,1
501,5/15/2012,"spring",2012,5,"no",2,"yes","mist",0.611667,0.576404,0.794583,0.147392,625,4490,5115,20.748349,22.042664,79.4583,9.875264,1
502,5/16/2012,"spring",2012,5,"no",3,"yes","clear",0.636667,0.595975,0.697917,0.122512,991,6433,7424,21.923349,23.33435,69.7917,8.208304,1
503,5/17/2012,"spring",2012,5,"no",4,"yes","clear",0.593333,0.572613,0.52,0.229475,1242,6142,7384,19.886651,21.792458,52,15.374825,1
507,5/21/2012,"spring",2012,5,"no",1,"yes","mist",0.598333,0.565667,0.81125,0.233204,630,3729,4359,20.121651,21.334022,81.125,15.624668,1
508,5/22/2012,"spring",2012,5,"no",2,"yes","mist",0.615,0.580825,0.765833,0.118167,819,5254,6073,20.905,22.33445,76.5833,7.917189,1
511,5/25/2012,"spring",2012,5,"no",5,"yes","clear",0.68,0.627529,0.747083,0.14055,1417,5317,6734,23.96,25.416914,74.7083,9.41685,1
513,5/27/2012,"spring",2012,5,"no",0,"no","clear",0.69,0.641425,0.697083,0.215171,3283,3308,6591,24.43,26.33405,69.7083,14.416457,1
516,5/30/2012,"spring",2012,5,"no",3,"yes","mist",0.656667,0.611129,0.67,0.134329,745,6110,6855,22.863349,24.334514,67,9.000043,1
519,6/2/2012,"spring",2012,6,"no",6,"no","clear",0.583333,0.566288,0.549167,0.186562,2795,5325,8120,19.416651,21.375008,54.9167,12.499654,1
522,6/5/2012,"spring",2012,6,"no",2,"yes","mist",0.540833,0.525892,0.613333,0.209575,968,6033,7001,17.419151,18.708872,61.3333,14.041525,1
526,6/9/2012,"spring",2012,6,"no",6,"no","clear",0.710833,0.648367,0.437083,0.144287,2708,4790,7498,25.409151,26.792222,43.7083,9.667229,1
527,6/10/2012,"spring",2012,6,"no",0,"no","clear",0.726667,0.663517,0.538333,0.133721,2224,4374,6598,26.153349,27.792122,53.8333,8.959307,1
529,6/12/2012,"spring",2012,6,"no",2,"yes","mist",0.653333,0.597875,0.833333,0.214546,477,4495,4972,22.706651,23.45975,83.3333,14.374582,1
531,6/14/2012,"spring",2012,6,"no",4,"yes","clear",0.648333,0.624383,0.569583,0.253733,1180,6183,7363,22.471651,25.209278,56.9583,17.000111,1
532,6/15/2012,"spring",2012,6,"no",5,"yes","clear",0.639167,0.599754,0.589583,0.176617,1563,6102,7665,22.040849,23.583764,58.9583,11.833339,1
534,6/17/2012,"spring",2012,6,"no",0,"no","clear",0.5925,0.571975,0.59875,0.144904,2634,4344,6978,19.8475,21.75035,59.875,9.708568,1
535,6/18/2012,"spring",2012,6,"no",1,"yes","mist",0.568333,0.544842,0.777917,0.174746,653,4446,5099,18.711651,19.959572,77.7917,11.707982,1
536,6/19/2012,"spring",2012,6,"no",2,"yes","clear",0.688333,0.654692,0.69,0.148017,968,5857,6825,24.351651,27.209672,69,9.917139,1
537,6/20/2012,"spring",2012,6,"no",3,"yes","clear",0.7825,0.720975,0.592083,0.113812,872,5339,6211,28.7775,31.58435,59.2083,7.625404,1
538,6/21/2012,"summer",2012,6,"no",4,"yes","clear",0.805833,0.752542,0.567917,0.118787,778,5127,5905,29.874151,33.667772,56.7917,7.958729,1
539,6/22/2012,"summer",2012,6,"no",5,"yes","clear",0.7775,0.724121,0.57375,0.182842,964,4859,5823,28.5425,31.791986,57.375,12.250414,1
540,6/23/2012,"summer",2012,6,"no",6,"no","clear",0.731667,0.652792,0.534583,0.179721,2657,4801,7458,26.388349,27.084272,53.4583,12.041307,1
543,6/26/2012,"summer",2012,6,"no",2,"yes","clear",0.630833,0.594704,0.373333,0.347642,1077,6365,7442,21.649151,23.250464,37.3333,23.292014,1
544,6/27/2012,"summer",2012,6,"no",3,"yes","clear",0.6975,0.640792,0.36,0.271775,1077,6258,7335,24.7825,26.292272,36,18.208925,1
548,7/1/2012,"summer",2012,7,"no",0,"no","clear",0.815833,0.750629,0.51875,0.168529,1421,4110,5531,30.344151,33.541514,51.875,11.291443,1
549,7/2/2012,"summer",2012,7,"no",1,"yes","clear",0.781667,0.702038,0.447083,0.195267,904,5323,6227,28.738349,30.334508,44.7083,13.082889,1
551,7/4/2012,"summer",2012,7,"yes",3,"no","clear",0.789167,0.732337,0.53875,0.13495,2562,4841,7403,29.090849,32.334242,53.875,9.04165,1
555,7/8/2012,"summer",2012,7,"no",0,"no","clear",0.8225,0.790396,0.57375,0.125629,1203,3469,4672,30.6575,36.166136,57.375,8.417143,1
556,7/9/2012,"summer",2012,7,"no",1,"yes","mist",0.710833,0.654054,0.683333,0.180975,998,5571,6569,25.409151,27.167564,68.3333,12.125325,1
557,7/10/2012,"summer",2012,7,"no",2,"yes","mist",0.720833,0.664796,0.6675,0.151737,954,5336,6290,25.879151,27.876536,66.75,10.166379,1
558,7/11/2012,"summer",2012,7,"no",3,"yes","clear",0.716667,0.650271,0.633333,0.151733,975,6289,7264,25.683349,26.917886,63.3333,10.166111,1
561,7/14/2012,"summer",2012,7,"no",6,"no","mist",0.703333,0.666042,0.699167,0.143679,2355,4614,6969,25.056651,27.958772,69.9167,9.626493,1
562,7/15/2012,"summer",2012,7,"no",0,"no","clear",0.745833,0.705196,0.717917,0.166667,1920,4111,6031,27.054151,30.542936,71.7917,11.166689,1
563,7/16/2012,"summer",2012,7,"no",1,"yes","clear",0.763333,0.724125,0.645,0.164187,1088,5742,6830,27.876651,31.79225,64.5,11.000529,1
564,7/17/2012,"summer",2012,7,"no",2,"yes","clear",0.818333,0.755683,0.505833,0.114429,921,5865,6786,30.461651,33.875078,50.5833,7.666743,1
565,7/18/2012,"summer",2012,7,"no",3,"yes","clear",0.793333,0.745583,0.577083,0.137442,799,4914,5713,29.286651,33.208478,57.7083,9.208614,1
566,7/19/2012,"summer",2012,7,"no",4,"yes","clear",0.77,0.714642,0.600417,0.165429,888,5703,6591,28.19,31.166372,60.0417,11.083743,1
569,7/22/2012,"summer",2012,7,"no",0,"no","mist",0.6675,0.623125,0.7625,0.0939208,2544,4866,7410,23.3725,25.12625,76.25,6.2926936,1
570,7/23/2012,"summer",2012,7,"no",1,"yes","clear",0.741667,0.690017,0.694167,0.138683,1135,5831,6966,26.858349,29.541122,69.4167,9.291761,1
571,7/24/2012,"summer",2012,7,"no",2,"yes","clear",0.750833,0.70645,0.655,0.211454,1140,6452,7592,27.289151,30.6257,65.5,14.167418,1
572,7/25/2012,"summer",2012,7,"no",3,"yes","clear",0.724167,0.654054,0.45,0.1648,1383,6790,8173,26.035849,27.167564,45,11.0416,1
577,7/30/2012,"summer",2012,7,"no",1,"yes","clear",0.730833,0.684987,0.66875,0.153617,1040,6065,7105,26.349151,29.209142,66.875,10.292339,1
578,7/31/2012,"summer",2012,7,"no",2,"yes","clear",0.713333,0.662896,0.704167,0.165425,968,6248,7216,25.526651,27.751136,70.4167,11.083475,1
581,8/3/2012,"summer",2012,8,"no",5,"yes","mist",0.765833,0.722867,0.6425,0.215792,1328,5847,7175,27.994151,31.709222,64.25,14.458064,1
582,8/4/2012,"summer",2012,8,"no",6,"no","clear",0.793333,0.751267,0.613333,0.257458,2345,4479,6824,29.286651,33.583622,61.3333,17.249686,1
584,8/6/2012,"summer",2012,8,"no",1,"yes","mist",0.7525,0.710246,0.654167,0.129354,1233,5780,7013,27.3675,30.876236,65.4167,8.666718,1
587,8/9/2012,"summer",2012,8,"no",4,"yes","clear",0.755833,0.699508,0.620417,0.1561,1196,6090,7286,27.524151,30.167528,62.0417,10.4587,1
588,8/10/2012,"summer",2012,8,"no",5,"yes","mist",0.715833,0.667942,0.715833,0.238813,1065,4721,5786,25.644151,28.084172,71.5833,16.000471,1
590,8/12/2012,"summer",2012,8,"no",0,"no","clear",0.700833,0.644579,0.530417,0.122512,2182,4362,6544,24.939151,26.542214,53.0417,8.208304,1
591,8/13/2012,"summer",2012,8,"no",1,"yes","clear",0.720833,0.662254,0.545417,0.136212,1207,5676,6883,25.879151,27.708764,54.5417,9.126204,1
595,8/17/2012,"summer",2012,8,"no",5,"yes","clear",0.723333,0.2424,0.570833,0.231354,1483,5665,7148,25.996651,-0.00159999999999982,57.0833,15.500718,1
602,8/24/2012,"summer",2012,8,"no",5,"yes","mist",0.7025,0.6471,0.615,0.0721458,1325,6257,7582,25.0175,26.7086,61.5,4.8337686,1
603,8/25/2012,"summer",2012,8,"no",6,"no","mist",0.661667,0.618696,0.712917,0.244408,1829,4224,6053,23.098349,24.833936,71.2917,16.375336,1
605,8/27/2012,"summer",2012,8,"no",1,"yes","clear",0.703333,0.654688,0.730417,0.128733,989,5928,6917,25.056651,27.209408,73.0417,8.625111,1
606,8/28/2012,"summer",2012,8,"no",2,"yes","clear",0.728333,0.66605,0.62,0.190925,935,6105,7040,26.231651,27.9593,62,12.791975,1
609,8/31/2012,"summer",2012,8,"no",5,"yes","clear",0.764167,0.6894,0.5875,0.168533,1433,5917,7350,27.915849,29.5004,58.75,11.291711,1
613,9/4/2012,"summer",2012,9,"no",2,"yes","clear",0.725833,0.686888,0.755,0.236321,867,5997,6864,26.114151,29.334608,75.5,15.833507,1
616,9/7/2012,"summer",2012,9,"no",5,"yes","clear",0.703333,0.657204,0.73625,0.171646,1045,6459,7504,25.056651,27.375464,73.625,11.500282,1
618,9/9/2012,"summer",2012,9,"no",0,"no","clear",0.61,0.578925,0.5475,0.224496,2570,5657,8227,20.67,22.20905,54.75,15.041232,1
622,9/13/2012,"summer",2012,9,"no",4,"yes","clear",0.6125,0.579558,0.637083,0.0827208,1054,6750,7804,20.7875,22.250828,63.7083,5.5422936,1
623,9/14/2012,"summer",2012,9,"no",5,"yes","clear",0.633333,0.594083,0.6725,0.103863,1379,6630,8009,21.766651,23.209478,67.25,6.958821,1
626,9/17/2012,"summer",2012,9,"no",1,"yes","mist",0.580833,0.55305,0.734583,0.151742,1022,5847,6869,19.299151,20.5013,73.4583,10.166714,1
627,9/18/2012,"summer",2012,9,"no",2,"yes","mist",0.623333,0.565067,0.8725,0.357587,371,3702,4073,21.296651,21.294422,87.25,23.958329,1
629,9/20/2012,"summer",2012,9,"no",4,"yes","clear",0.546667,0.532192,0.618333,0.118167,939,6781,7720,17.693349,19.124672,61.8333,7.917189,1
630,9/21/2012,"summer",2012,9,"no",5,"yes","clear",0.599167,0.571971,0.66875,0.154229,1250,6917,8167,20.160849,21.750086,66.875,10.333343,1
634,9/25/2012,"fall",2012,9,"no",2,"yes","clear",0.55,0.544179,0.57,0.236321,845,6693,7538,17.85,19.915814,57,15.833507,1
635,9/26/2012,"fall",2012,9,"no",3,"yes","clear",0.635,0.596613,0.630833,0.2444,787,6946,7733,21.845,23.376458,63.0833,16.3748,1
636,9/27/2012,"fall",2012,9,"no",4,"yes","mist",0.65,0.607975,0.690833,0.134342,751,6642,7393,22.55,24.12635,69.0833,9.000914,1
639,9/30/2012,"fall",2012,9,"no",0,"no","clear",0.526667,0.517663,0.583333,0.134958,2015,4874,6889,16.753349,18.165758,58.3333,9.042186,1
641,10/2/2012,"fall",2012,10,"no",2,"yes","light precipitation",0.590833,0.542333,0.871667,0.104475,315,4324,4639,19.769151,19.793978,87.1667,6.999825,1
642,10/3/2012,"fall",2012,10,"no",3,"yes","mist",0.6575,0.599133,0.79375,0.0665458,728,6844,7572,22.9025,23.542778,79.375,4.4585686,1
644,10/5/2012,"fall",2012,10,"no",5,"yes","clear",0.615,0.580187,0.6275,0.10635,1516,6640,8156,20.905,22.292342,62.75,7.12545,1
645,10/6/2012,"fall",2012,10,"no",6,"no","clear",0.554167,0.538521,0.664167,0.268025,3031,4934,7965,18.045849,19.542386,66.4167,17.957675,1
647,10/8/2012,"fall",2012,10,"yes",1,"no","mist",0.383333,0.387608,0.709583,0.189679,874,4604,5478,10.016651,9.582128,70.9583,12.708493,1
651,10/12/2012,"fall",2012,10,"no",5,"yes","clear",0.4375,0.433071,0.539167,0.235092,1060,6222,7282,12.5625,12.582686,53.9167,15.751164,1
652,10/13/2012,"fall",2012,10,"no",6,"no","clear",0.393333,0.391396,0.494583,0.146142,2252,4857,7109,10.486651,9.832136,49.4583,9.791514,1
653,10/14/2012,"fall",2012,10,"no",0,"no","clear",0.521667,0.508204,0.640417,0.278612,2080,4559,6639,16.518349,17.541464,64.0417,18.667004,1
655,10/16/2012,"fall",2012,10,"no",2,"yes","clear",0.468333,0.460846,0.558333,0.182221,922,6612,7534,14.011651,14.415836,55.8333,12.208807,1
656,10/17/2012,"fall",2012,10,"no",3,"yes","clear",0.455833,0.450108,0.692917,0.101371,979,6482,7461,13.424151,13.707128,69.2917,6.791857,1
657,10/18/2012,"fall",2012,10,"no",4,"yes","mist",0.5225,0.512625,0.728333,0.236937,1008,6501,7509,16.5575,17.83325,72.8333,15.874779,1
658,10/19/2012,"fall",2012,10,"no",5,"yes","mist",0.563333,0.537896,0.815,0.134954,753,4671,5424,18.476651,19.501136,81.5,9.041918,1
659,10/20/2012,"fall",2012,10,"no",6,"no","clear",0.484167,0.472842,0.572917,0.117537,2806,5284,8090,14.755849,15.207572,57.2917,7.874979,1
660,10/21/2012,"fall",2012,10,"no",0,"no","clear",0.464167,0.456429,0.51,0.166054,2132,4692,6824,13.815849,14.124314,51,11.125618,1
662,10/23/2012,"fall",2012,10,"no",2,"yes","clear",0.544167,0.530304,0.641667,0.0945458,841,6625,7466,17.575849,19.000064,64.1667,6.3345686,1
663,10/24/2012,"fall",2012,10,"no",3,"yes","clear",0.5875,0.558721,0.63625,0.0727792,795,6898,7693,19.6125,20.875586,63.625,4.8762064,1
665,10/26/2012,"fall",2012,10,"no",5,"yes","mist",0.545833,0.52275,0.807083,0.132467,1182,6262,7444,17.654151,18.5015,80.7083,8.875289,1
668,10/29/2012,"fall",2012,10,"no",1,"yes","light precipitation",0.44,0.4394,0.88,0.3582,2,20,22,12.68,13.0004,88,23.9994,1
670,10/31/2012,"fall",2012,10,"no",3,"yes","mist",0.3575,0.3611,0.666667,0.166667,419,5147,5566,8.8025,7.8326,66.6667,11.166689,1
671,11/1/2012,"fall",2012,11,"no",4,"yes","mist",0.365833,0.369942,0.581667,0.157346,466,5520,5986,9.194151,8.416172,58.1667,10.542182,1
674,11/4/2012,"fall",2012,11,"no",0,"no","clear",0.325833,0.329538,0.532917,0.179108,1201,3906,5107,7.314151,5.749508,53.2917,12.000236,1
675,11/5/2012,"fall",2012,11,"no",1,"yes","clear",0.319167,0.308075,0.494167,0.236325,378,4881,5259,7.000849,4.33295,49.4167,15.833775,1
676,11/6/2012,"fall",2012,11,"no",2,"yes","clear",0.280833,0.281567,0.567083,0.173513,466,5220,5686,5.199151,2.583422,56.7083,11.625371,1
680,11/10/2012,"fall",2012,11,"no",6,"no","clear",0.389167,0.393937,0.645417,0.0578458,2090,4446,6536,10.290849,9.999842,64.5417,3.8756686,1
682,11/12/2012,"fall",2012,11,"yes",1,"no","clear",0.485,0.475383,0.741667,0.173517,1097,5172,6269,14.795,15.375278,74.1667,11.625639,1
683,11/13/2012,"fall",2012,11,"no",2,"yes","mist",0.343333,0.323225,0.662917,0.342046,327,3767,4094,8.136651,5.33285,66.2917,22.917082,1
684,11/14/2012,"fall",2012,11,"no",3,"yes","clear",0.289167,0.281563,0.552083,0.199625,373,5122,5495,5.590849,2.583158,55.2083,13.374875,1
686,11/16/2012,"fall",2012,11,"no",5,"yes","clear",0.345,0.347204,0.524583,0.171025,484,5214,5698,8.215,6.915464,52.4583,11.458675,1
687,11/17/2012,"fall",2012,11,"no",6,"no","clear",0.325,0.326383,0.545417,0.179729,1313,4316,5629,7.275,5.541278,54.5417,12.041843,1
690,11/20/2012,"fall",2012,11,"no",2,"yes","mist",0.374167,0.380667,0.685,0.082725,534,5100,5634,9.585849,9.124022,68.5,5.542575,1
691,11/21/2012,"fall",2012,11,"no",3,"yes","clear",0.353333,0.364892,0.61375,0.103246,615,4531,5146,8.606651,8.082872,61.375,6.917482,1
693,11/23/2012,"fall",2012,11,"no",5,"yes","clear",0.368333,0.378779,0.56875,0.148021,1603,2307,3910,9.311651,8.999414,56.875,9.917407,1
695,11/25/2012,"fall",2012,11,"no",0,"no","clear",0.245833,0.257583,0.468333,0.1505,309,2115,2424,3.554151,1.000478,46.8333,10.0835,1
697,11/27/2012,"fall",2012,11,"no",2,"yes","mist",0.291667,0.281558,0.786667,0.237562,123,3836,3959,5.708349,2.582828,78.6667,15.916654,1
700,11/30/2012,"fall",2012,11,"no",5,"yes","clear",0.298333,0.323867,0.649583,0.0584708,362,5306,5668,6.021651,5.375222,64.9583,3.9175436,1
702,12/2/2012,"fall",2012,12,"no",0,"no","mist",0.3475,0.359208,0.823333,0.124379,892,3757,4649,8.3325,7.707728,82.3333,8.333393,1
703,12/3/2012,"fall",2012,12,"no",1,"yes","clear",0.4525,0.455796,0.7675,0.0827208,555,5679,6234,13.2675,14.082536,76.75,5.5422936,1
710,12/10/2012,"fall",2012,12,"no",1,"yes","mist",0.435833,0.435575,0.925,0.190308,329,4841,5170,12.484151,12.74795,92.5,12.750636,1
714,12/14/2012,"fall",2012,12,"no",5,"yes","clear",0.281667,0.294192,0.642917,0.131229,429,5182,5611,5.238349,3.416672,64.2917,8.792343,1
717,12/17/2012,"fall",2012,12,"no",1,"yes","mist",0.393333,0.4015,0.907083,0.0982583,212,4373,4585,10.486651,10.499,90.7083,6.5833061,1
718,12/18/2012,"fall",2012,12,"no",2,"yes","clear",0.410833,0.409708,0.66625,0.221404,433,5124,5557,11.309151,11.040728,66.625,14.834068,1
719,12/19/2012,"fall",2012,12,"no",3,"yes","clear",0.3325,0.342162,0.625417,0.184092,333,4934,5267,7.6275,6.582692,62.5417,12.334164,1
721,12/21/2012,"winter",2012,12,"no",5,"yes","mist",0.326667,0.301767,0.556667,0.374383,221,3402,3623,7.353349,3.916622,55.6667,25.083661,1
723,12/23/2012,"winter",2012,12,"no",0,"no","clear",0.245833,0.259471,0.515417,0.133083,408,1379,1787,3.554151,1.125086,51.5417,8.916561,1
727,12/27/2012,"winter",2012,12,"no",4,"yes","mist",0.254167,0.226642,0.652917,0.350133,247,1867,2114,3.945849,-1.041628,65.2917,23.458911,1
729,12/29/2012,"winter",2012,12,"no",6,"no","mist",0.253333,0.2424,0.752917,0.124383,159,1182,1341,3.906651,-0.00159999999999982,75.2917,8.333661,1
730,12/30/2012,"winter",2012,12,"no",0,"no","clear",0.255833,0.2317,0.483333,0.350754,364,1432,1796,4.024151,-0.707800000000001,48.3333,23.500518,1
